,City,Country,Lat,Lng,Max Temp,Humidity,Cloudiness,Wind Speed,Current Description
0,Narsimhapur,IN,22.95,79.2,74.5,92,78,3.53,broken clouds
1,Tiznit,MA,29.5833,-9.5,67.84,70,5,7.29,clear sky
2,Hofn,IS,64.2539,-15.2082,56.21,83,100,8.93,overcast clouds
3,Punta Arenas,CL,-53.15,-70.9167,37.51,81,0,23.02,clear sky
4,Champagnole,FR,46.7445,5.9135,61.48,89,100,5.73,overcast clouds
5,Surgut,RU,61.25,73.4167,62.78,100,40,6.71,fog
6,Coihaique,CL,-45.5752,-72.0662,46.35,53,75,4.61,light rain
7,Cayenne,GF,4.9333,-52.3333,86.09,77,75,5.99,broken clouds
8,La Fleche,FR,47.6982,-0.0755,67.03,62,99,17.11,overcast clouds
9,Saldanha,ZA,-33.0117,17.9442,51.85,72,100,6.42,overcast clouds
10,Port Alfred,ZA,-33.5906,26.891,59.95,85,84,14.09,broken clouds
11,Bambous Virieux,MU,-20.3428,57.7575,70.21,78,40,13.8,scattered clouds
12,Port Elizabeth,ZA,-33.918,25.5701,61.09,88,0,10.36,clear sky
13,East London,ZA,-33.0153,27.9116,59.94,88,0,6.91,clear sky
14,Muros,ES,42.7762,-9.0603,68.85,70,2,9.55,clear sky
15,Catamarca,AR,-28.4696,-65.7852,85.05,41,0,5.99,clear sky
16,Hermanus,ZA,-34.4187,19.2345,52.81,73,100,1.21,overcast clouds
17,Arraial Do Cabo,BR,-22.9661,-42.0278,73.36,60,40,19.57,scattered clouds
18,Qaanaaq,GL,77.484,-69.3632,41.92,73,99,1.86,overcast clouds
19,Molteno,ZA,-31.3968,26.3625,48.61,21,8,6.11,clear sky
20,Rocha,UY,-34.4833,-54.3333,74.66,66,6,8.32,clear sky
21,Leh,IN,34.1667,77.5833,64.89,35,7,5.55,clear sky
22,Chuy,UY,-33.6971,-53.4616,70.57,68,13,6.06,few clouds
23,Hit,IQ,33.6416,42.8251,98.49,20,5,4.43,clear sky
24,Luderitz,NA,-26.6481,15.1594,58.73,64,2,1.16,clear sky
25,Prieska,ZA,-29.6641,22.7474,55.47,39,4,2.75,clear sky
26,Ilulissat,GL,69.2167,-51.1,43.02,66,100,6.13,overcast clouds
27,Guarapari,BR,-20.6667,-40.4975,69.69,68,100,9.53,moderate rain
28,Nadym,RU,65.5333,72.5167,64.33,69,37,9.37,scattered clouds
29,Vardo,NO,70.3705,31.1107,57.79,70,56,8.79,broken clouds
30,Aksu,CN,41.1231,80.2644,75.58,42,100,10.56,overcast clouds
31,Busselton,AU,-33.65,115.3333,57.09,93,97,10.29,moderate rain
32,Bandarbeyla,SO,9.4942,50.8122,75.49,84,6,30.15,clear sky
33,Cap Malheureux,MU,-19.9842,57.6142,70.47,71,37,4.0,scattered clouds
34,Monastyrshchina,RU,54.3496,31.838,57.7,86,100,6.89,overcast clouds
35,Balezino,RU,57.9796,53.0106,53.49,76,93,4.65,overcast clouds
36,Jamestown,US,42.097,-79.2353,83.3,74,100,13.0,overcast clouds
37,Tokonou,GN,9.65,-9.7833,71.69,84,76,4.14,broken clouds
38,Beloha,MG,-25.1667,45.05,64.06,84,0,4.74,clear sky
39,Tasiilaq,GL,65.6145,-37.6368,39.88,95,100,6.8,light rain
40,Idenao,CM,4.2475,9.0047,78.24,89,100,2.24,light rain
41,Husavik,IS,66.0449,-17.3389,57.11,73,69,3.51,light rain
42,Boende,CD,-0.2167,20.8667,69.76,90,100,2.82,overcast clouds
43,Ajdabiya,LY,30.7554,20.2263,87.67,40,0,15.61,clear sky
44,Upernavik,GL,72.7868,-56.1549,40.96,94,100,8.48,overcast clouds
45,Sisimiut,GL,66.9395,-53.6735,41.5,94,100,9.75,light rain
46,Bengkulu,ID,-3.8004,102.2655,75.74,92,13,3.65,few clouds
47,Ambatofinandrahana,MG,-20.55,46.8,52.23,79,0,3.51,clear sky
48,Kocevje,SI,45.6433,14.8633,74.32,82,4,4.59,clear sky
49,Ancud,CL,-41.8697,-73.8203,53.42,71,99,9.71,light rain
50,Ikere,NG,7.4913,5.2322,70.88,97,100,2.86,light rain
51,Sovetskiy,RU,61.3614,63.5842,60.31,97,100,5.28,overcast clouds
52,Dalbandin,PK,28.8947,64.4101,87.94,10,5,7.52,clear sky
53,Cururupu,BR,-1.8283,-44.8683,86.09,55,54,3.2,broken clouds
54,Abu Dhabi,AE,24.4667,54.3667,95.11,66,0,6.91,clear sky
55,Pastavy,BY,55.1168,26.8326,59.22,95,93,10.02,overcast clouds
56,Lebu,CL,-37.6167,-73.65,51.44,68,7,21.07,clear sky
57,Pangnirtung,CA,66.1451,-65.7125,46.4,76,75,13.8,light intensity shower rain
58,Benavente,ES,42.0025,-5.6783,68.11,34,6,19.13,clear sky
59,Bathsheba,BB,13.2167,-59.5167,88.41,62,20,16.11,few clouds
60,Kavaratti,IN,10.5669,72.642,81.52,80,100,20.02,overcast clouds
61,Adrar,MR,20.5022,-10.0711,99.45,21,9,13.0,clear sky
62,Saint-Pierre,RE,-21.3393,55.4781,71.24,74,75,5.75,broken clouds
63,Shieli,KZ,44.1667,66.75,85.33,23,19,2.68,few clouds
64,Dikson,RU,73.5069,80.5464,49.33,72,11,1.57,few clouds
65,Tall Kayf,TR,37.0833,41.0667,85.39,23,20,4.61,few clouds
66,Cape Town,ZA,-33.9258,18.4232,53.11,100,90,5.75,fog
67,Touros,BR,-5.1989,-35.4608,85.1,63,30,21.77,scattered clouds
68,Gilgit,PK,35.9221,74.3087,80.65,47,62,3.2,broken clouds
69,Paita,PE,-5.0892,-81.1144,75.76,68,25,19.1,scattered clouds
70,Mahebourg,MU,-20.4081,57.7,70.25,78,40,13.8,scattered clouds
71,Mar Del Plata,AR,-38.0023,-57.5575,68.02,73,0,9.22,clear sky
72,Ostrovnoy,RU,68.0531,39.5131,56.75,82,25,9.46,scattered clouds
73,Georgetown,MY,5.4112,100.3354,82.89,87,20,3.44,few clouds
74,Axim,GH,4.8699,-2.2405,76.32,87,18,10.71,few clouds
75,Sinfra,CI,6.6167,-5.9167,85.37,60,100,2.95,overcast clouds
76,Thompson,CA,55.7435,-97.8558,69.96,68,75,8.05,smoke
77,San Andres,CO,12.5847,-81.7006,86.02,74,90,12.66,overcast clouds
78,Saint-Philippe,RE,-21.3585,55.7679,71.15,77,35,12.53,scattered clouds
79,Meulaboh,ID,4.1363,96.1285,77.4,87,100,4.72,overcast clouds
80,Ardakan,IR,32.31,54.0175,95.38,13,74,6.29,broken clouds
81,Praia,CV,14.9215,-23.5087,82.94,74,75,11.5,broken clouds
82,Upington,ZA,-28.4478,21.2561,64.78,15,0,3.44,clear sky
83,Jumla,NP,29.2747,82.1838,62.96,95,92,1.05,overcast clouds
84,Kamskiye Polyany,RU,55.4307,51.4171,63.41,69,86,4.5,overcast clouds
85,Torbay,CA,47.6666,-52.7314,79.57,69,75,27.63,broken clouds
86,Ushuaia,AR,-54.8,-68.3,32.49,83,100,12.57,light snow
87,Narsimhapur,IN,22.95,79.2,74.5,92,78,3.53,broken clouds
88,Tiznit,MA,29.5833,-9.5,67.84,70,5,7.29,clear sky
89,Hofn,IS,64.2539,-15.2082,56.21,83,100,8.93,overcast clouds
90,Punta Arenas,CL,-53.15,-70.9167,37.51,81,0,23.02,clear sky
91,Champagnole,FR,46.7445,5.9135,61.48,90,100,5.73,overcast clouds
92,Surgut,RU,61.25,73.4167,62.78,100,90,6.71,fog
93,Coihaique,CL,-45.5752,-72.0662,46.35,53,75,4.61,light rain
94,Cayenne,GF,4.9333,-52.3333,86.09,77,75,5.99,broken clouds
95,La Fleche,FR,47.6982,-0.0755,67.03,62,99,17.11,overcast clouds
96,Saldanha,ZA,-33.0117,17.9442,56.86,72,100,6.42,overcast clouds
97,Port Alfred,ZA,-33.5906,26.891,59.95,85,84,14.09,broken clouds
98,Bambous Virieux,MU,-20.3428,57.7575,70.21,78,40,13.8,scattered clouds
99,Port Elizabeth,ZA,-33.918,25.5701,57.09,89,100,8.99,overcast clouds
100,East London,ZA,-33.0153,27.9116,60.84,81,29,11.68,scattered clouds
101,Muros,ES,42.7762,-9.0603,68.85,66,2,9.55,clear sky
102,Catamarca,AR,-28.4696,-65.7852,84.04,42,0,1.99,clear sky
103,Hermanus,ZA,-34.4187,19.2345,52.81,73,100,1.21,overcast clouds
104,Arraial Do Cabo,BR,-22.9661,-42.0278,73.36,60,40,19.57,scattered clouds
105,Qaanaaq,GL,77.484,-69.3632,41.92,73,99,1.86,overcast clouds
106,Molteno,ZA,-31.3968,26.3625,48.61,21,8,6.11,clear sky
107,Rocha,UY,-34.4833,-54.3333,74.66,66,6,8.32,clear sky
108,Leh,IN,34.1667,77.5833,64.89,35,7,5.55,clear sky
109,Chuy,UY,-33.6971,-53.4616,70.57,68,13,6.06,few clouds
110,Hit,IQ,33.6416,42.8251,98.49,20,5,4.43,clear sky
111,Luderitz,NA,-26.6481,15.1594,58.73,64,2,1.16,clear sky
112,Prieska,ZA,-29.6641,22.7474,55.47,39,4,2.75,clear sky
113,Ilulissat,GL,69.2167,-51.1,43.02,66,100,6.13,overcast clouds
114,Guarapari,BR,-20.6667,-40.4975,69.69,68,100,9.53,moderate rain
115,Nadym,RU,65.5333,72.5167,64.33,69,37,9.37,scattered clouds
116,Vardo,NO,70.3705,31.1107,57.79,70,56,8.79,broken clouds
117,Aksu,CN,41.1231,80.2644,75.58,42,100,10.56,overcast clouds
118,Busselton,AU,-33.65,115.3333,57.09,93,97,10.29,moderate rain
119,Bandarbeyla,SO,9.4942,50.8122,75.49,84,6,30.15,clear sky
120,Cap Malheureux,MU,-19.9842,57.6142,70.47,71,37,4.0,scattered clouds
121,Monastyrshchina,RU,54.3496,31.838,57.7,86,100,6.89,overcast clouds
122,Balezino,RU,57.9796,53.0106,53.49,76,93,4.65,overcast clouds
123,Jamestown,US,42.097,-79.2353,83.3,74,100,13.0,overcast clouds
124,Tokonou,GN,9.65,-9.7833,71.69,84,76,4.14,broken clouds
125,Beloha,MG,-25.1667,45.05,64.06,84,0,4.74,clear sky
126,Tasiilaq,GL,65.6145,-37.6368,39.88,95,100,6.8,light rain
127,Idenao,CM,4.2475,9.0047,78.24,89,100,2.24,light rain
128,Husavik,IS,66.0449,-17.3389,57.11,73,69,3.51,light rain
129,Boende,CD,-0.2167,20.8667,69.76,90,100,2.82,overcast clouds
130,Ajdabiya,LY,30.7554,20.2263,87.67,40,0,15.61,clear sky
131,Upernavik,GL,72.7868,-56.1549,40.96,94,100,8.48,overcast clouds
132,Sisimiut,GL,66.9395,-53.6735,41.5,94,100,9.75,light rain
133,Bengkulu,ID,-3.8004,102.2655,75.74,92,13,3.65,few clouds
134,Ambatofinandrahana,MG,-20.55,46.8,52.23,79,0,3.51,clear sky
135,Kocevje,SI,45.6433,14.8633,74.32,82,4,4.59,clear sky
136,Ancud,CL,-41.8697,-73.8203,53.42,71,99,9.71,light rain
137,Ikere,NG,7.4913,5.2322,70.88,97,100,2.86,light rain
138,Sovetskiy,RU,61.3614,63.5842,60.31,97,100,5.28,overcast clouds
139,Dalbandin,PK,28.8947,64.4101,87.94,10,5,7.52,clear sky
140,Cururupu,BR,-1.8283,-44.8683,86.09,55,54,3.2,broken clouds
141,Abu Dhabi,AE,24.4667,54.3667,95.11,66,0,6.91,clear sky
142,Pastavy,BY,55.1168,26.8326,59.22,95,93,10.02,overcast clouds
143,Lebu,CL,-37.6167,-73.65,51.44,68,7,21.07,clear sky
144,Pangnirtung,CA,66.1451,-65.7125,46.4,76,75,13.8,light intensity shower rain
145,Benavente,ES,42.0025,-5.6783,68.11,34,6,19.13,clear sky
146,Bathsheba,BB,13.2167,-59.5167,88.41,62,20,16.11,few clouds
147,Kavaratti,IN,10.5669,72.642,81.52,80,100,20.02,overcast clouds
148,Adrar,MR,20.5022,-10.0711,99.45,21,9,13.0,clear sky
149,Saint-Pierre,RE,-21.3393,55.4781,71.24,74,75,5.75,broken clouds
150,Shieli,KZ,44.1667,66.75,85.33,23,19,2.68,few clouds
151,Dikson,RU,73.5069,80.5464,49.33,72,11,1.57,few clouds
152,Tall Kayf,TR,37.0833,41.0667,85.39,23,20,4.61,few clouds
153,Cape Town,ZA,-33.9258,18.4232,53.11,100,90,5.75,fog
154,Touros,BR,-5.1989,-35.4608,85.1,63,30,21.77,scattered clouds
155,Gilgit,PK,35.9221,74.3087,80.65,47,62,3.2,broken clouds
156,Paita,PE,-5.0892,-81.1144,75.76,68,25,19.1,scattered clouds
157,Mahebourg,MU,-20.4081,57.7,70.25,78,40,13.8,scattered clouds
158,Mar Del Plata,AR,-38.0023,-57.5575,68.02,73,0,9.22,clear sky
159,Ostrovnoy,RU,68.0531,39.5131,56.75,82,25,9.46,scattered clouds
160,Georgetown,MY,5.4112,100.3354,82.89,87,20,3.44,few clouds
161,Axim,GH,4.8699,-2.2405,76.32,87,18,10.71,few clouds
162,Sinfra,CI,6.6167,-5.9167,85.37,60,100,2.95,overcast clouds
163,Thompson,CA,55.7435,-97.8558,69.96,68,75,8.05,smoke
164,San Andres,CO,12.5847,-81.7006,86.02,74,90,12.66,overcast clouds
165,Saint-Philippe,RE,-21.3585,55.7679,71.15,77,35,12.53,scattered clouds
166,Meulaboh,ID,4.1363,96.1285,77.4,87,100,4.72,overcast clouds
167,Ardakan,IR,32.31,54.0175,95.38,13,74,6.29,broken clouds
168,Praia,CV,14.9215,-23.5087,82.94,74,75,11.5,broken clouds
169,Upington,ZA,-28.4478,21.2561,64.78,15,0,3.44,clear sky
170,Jumla,NP,29.2747,82.1838,62.96,95,92,1.05,overcast clouds
171,Kamskiye Polyany,RU,55.4307,51.4171,63.41,69,86,4.5,overcast clouds
172,Torbay,CA,47.6666,-52.7314,79.57,69,75,27.63,broken clouds
173,Takoradi,GH,4.8845,-1.7554,76.68,84,53,12.33,broken clouds
174,Masallatah,LY,32.6167,14.0,82.22,57,0,13.96,clear sky
175,Abha,SA,18.2164,42.5053,68.27,62,13,3.27,few clouds
176,Iqaluit,CA,63.7506,-68.5145,49.73,71,90,19.57,overcast clouds
177,Bredasdorp,ZA,-34.5322,20.0403,52.29,89,100,1.21,overcast clouds
178,Havoysund,NO,70.9963,24.6622,63.48,74,100,5.86,overcast clouds
179,Santa Marta,CO,11.2408,-74.199,86.34,77,98,12.77,overcast clouds
180,Cockburn Town,TC,21.4612,-71.1419,87.76,62,40,11.5,scattered clouds
181,Marawi,PH,7.9986,124.2928,68.65,92,100,3.36,overcast clouds
182,Atbasar,KZ,51.8,68.3333,62.02,68,5,7.67,clear sky
183,Fitchburg,US,42.5834,-71.8023,89.92,57,1,1.01,clear sky
184,Ati,TD,13.2154,18.3353,79.88,66,100,6.91,overcast clouds
185,Bereznik,RU,62.8551,42.7072,54.37,67,79,5.01,broken clouds
186,Valparaiso,CL,-33.0393,-71.6273,55.04,80,90,2.3,mist
187,Aksarka,RU,66.5606,67.7975,56.32,79,16,12.62,few clouds
188,Caravelas,BR,-17.7125,-39.2481,69.22,84,100,11.56,overcast clouds
189,Ponta Do Sol,PT,32.6667,-17.1,77.0,81,73,6.73,broken clouds
190,Pemba,MZ,-12.974,40.5178,75.9,78,75,6.91,broken clouds
191,Ribeira Grande,PT,38.5167,-28.7,73.8,56,40,10.36,scattered clouds
192,Zagare,LT,56.3592,23.25,61.56,96,57,9.8,broken clouds
193,Tevriz,RU,57.509,72.4042,63.01,98,100,2.28,light rain
194,Sinjar,IQ,36.3209,41.8754,92.32,21,1,7.29,clear sky
195,Oranjemund,NA,-28.55,16.4333,59.59,62,30,1.32,scattered clouds
196,Najran,SA,17.4924,44.1277,88.21,24,95,3.02,overcast clouds
197,Senanga,ZM,-16.1167,23.2667,64.54,18,0,6.26,clear sky
198,Coquimbo,CL,-29.9533,-71.3436,62.33,55,20,12.66,few clouds
199,Castro,BR,-24.7911,-50.0119,65.25,65,78,5.37,broken clouds
200,Limon,CR,10.0,-83.0333,76.89,94,90,4.61,light intensity drizzle
201,Tereze,RU,43.9361,42.4434,75.7,88,100,7.85,overcast clouds
202,Olinda,BR,-8.0089,-34.8553,78.53,69,75,18.41,broken clouds
203,Anloga,GH,5.7947,0.8973,77.13,85,100,14.65,overcast clouds
204,Sept-Iles,CA,50.2001,-66.3821,73.26,76,98,1.99,overcast clouds
205,Kolchugino,RU,56.3,39.3833,67.21,73,96,9.06,light rain
206,Vila Velha,BR,-20.3297,-40.2925,67.95,88,75,6.91,light rain
207,Saint-Francois,FR,46.4154,3.9054,69.24,56,0,9.22,clear sky
208,San Cristobal,VE,7.7669,-72.225,84.38,43,88,7.36,overcast clouds
209,San Luis,AR,-33.295,-66.3356,66.74,31,0,17.07,clear sky
210,Fenoarivo,MG,-18.933,47.4354,57.27,82,75,6.91,broken clouds
211,Shubarshi,KZ,48.5872,57.1869,76.35,25,0,10.0,clear sky
212,Klaksvik,FO,62.2266,-6.589,63.52,90,87,16.96,overcast clouds
213,Martil,MA,35.6166,-5.2752,73.47,54,0,13.71,clear sky
214,Saint-Augustin,CA,51.226,-58.6502,74.84,61,100,19.3,overcast clouds
215,Pisco,PE,-13.7,-76.2167,64.02,79,31,12.66,scattered clouds
216,Kanniyakumari,IN,8.0833,77.5667,79.16,82,97,21.23,overcast clouds
217,Saint-Joseph,RE,-21.3667,55.6167,70.16,74,24,11.45,few clouds
218,Taoudenni,ML,22.6783,-3.9836,109.62,8,0,8.52,clear sky
219,Xique-Xique,BR,-10.8218,-42.7263,85.78,30,5,10.42,clear sky
220,Rayevskiy,RU,54.0658,54.9468,62.4,50,76,4.27,broken clouds
221,Marystown,CA,47.1666,-55.1483,69.21,77,100,17.0,overcast clouds
222,Hobyo,SO,5.3505,48.5268,76.42,82,97,27.42,overcast clouds
223,Tabasalu,EE,59.4303,24.5331,62.69,94,90,6.91,overcast clouds
224,Albanel,CA,48.8832,-72.4487,70.61,38,7,8.66,clear sky
225,Narsaq,GL,60.9167,-46.05,52.02,92,100,8.66,heavy intensity rain
226,Kruisfontein,ZA,-34.0033,24.7314,54.88,78,100,4.47,overcast clouds
227,Abu Samrah,SY,35.3029,37.1841,84.92,29,0,9.28,clear sky
228,Codrington,AU,-38.2667,141.9667,42.55,92,7,7.2,clear sky
229,Bubaque,GW,11.2833,-15.8333,80.13,73,15,12.91,few clouds
230,Sao Geraldo Do Araguaia,BR,-6.4006,-48.555,98.28,22,16,4.85,few clouds
231,Oeiras,BR,-7.0253,-42.1311,93.49,24,0,12.28,clear sky
232,Andenes,NO,69.3143,16.1194,64.47,82,50,10.36,scattered clouds
233,Walvis Bay,NA,-22.9575,14.5053,56.08,66,1,10.63,clear sky
234,Vila Franca Do Campo,PT,37.7167,-25.4333,72.01,64,20,10.02,few clouds
235,Mormugao,IN,15.4,73.8,78.06,100,75,3.44,broken clouds
236,Lamu,KE,-2.2717,40.902,73.62,82,8,14.0,clear sky
237,Vicuna,CL,-30.0319,-70.7081,55.13,44,0,9.08,clear sky
238,Coria,ES,39.9879,-6.5377,79.45,21,91,6.35,overcast clouds
239,Beyneu,KZ,45.3167,55.2,89.17,15,0,9.15,clear sky
240,Nouadhibou,MR,20.931,-17.0347,70.0,89,2,12.37,clear sky
241,Matagami,CA,49.7502,-77.6328,66.58,39,3,6.15,clear sky
242,Ratnagiri,IN,16.9833,73.3,79.45,84,79,6.33,broken clouds
243,Cidreira,BR,-30.1811,-50.2056,65.64,77,4,11.63,clear sky
244,Wageningen,NL,51.9667,5.6667,63.14,91,75,2.3,broken clouds
245,Vieux-Habitants,GP,16.0589,-61.7659,87.37,63,7,11.3,clear sky
246,Victoria,HK,22.2855,114.1577,84.25,89,100,1.01,overcast clouds
247,Lieksa,FI,63.3167,30.0167,62.19,63,100,14.85,overcast clouds
248,Iraucuba,BR,-3.7461,-39.7833,94.17,26,25,10.67,scattered clouds
249,Matara,LK,5.9485,80.5353,77.68,88,100,13.65,overcast clouds
250,Neuquen,AR,-38.9516,-68.0591,56.44,21,92,16.96,overcast clouds
251,Gazli,UZ,40.1333,63.45,94.59,14,11,14.65,few clouds
252,Ahvaz,IR,31.3203,48.6693,102.15,25,20,4.61,few clouds
253,Lagoa,PT,39.05,-27.9833,68.49,66,10,11.23,clear sky
254,Havre-Saint-Pierre,CA,50.2334,-63.5986,63.07,89,100,18.32,overcast clouds
255,Clyde River,CA,70.4692,-68.5914,37.72,96,100,1.07,overcast clouds
256,Capao Da Canoa,BR,-29.7456,-50.0097,63.57,84,42,15.35,scattered clouds
257,Oriximina,BR,-1.7656,-55.8661,92.44,33,9,7.4,clear sky
258,Maragogi,BR,-9.0122,-35.2225,74.41,77,86,15.3,overcast clouds
259,Souillac,MU,-20.5167,57.5167,71.37,78,0,11.45,clear sky
260,Gijon,ES,43.5357,-5.6615,66.99,64,35,5.01,scattered clouds
261,Sambava,MG,-14.2667,50.1667,70.32,85,100,8.81,light rain
262,Mogadishu,SO,2.0371,45.3438,76.41,84,47,21.47,scattered clouds
263,Douentza,ML,14.9951,-2.9517,89.15,48,21,11.86,few clouds
264,Mehamn,NO,71.0357,27.8492,62.71,64,21,6.17,few clouds
265,Guayaramerin,BO,-10.8368,-65.3614,99.52,20,3,1.99,clear sky
266,Jalu,LY,29.0331,21.5482,95.11,19,0,14.61,clear sky
267,Tazovskiy,RU,67.4667,78.7,57.33,78,7,6.31,clear sky
268,Caconda,AO,-13.7333,15.0667,63.91,17,0,3.65,clear sky
269,Sur,OM,22.5667,59.5289,90.97,54,84,10.78,broken clouds
270,San Rafael,AR,-34.6177,-68.3301,60.33,31,0,15.03,clear sky
271,Yenagoa,NG,4.9247,6.2642,76.12,86,100,5.86,overcast clouds
272,Tambura,SS,5.6,27.4667,65.91,98,100,4.16,light rain
273,Dingle,PH,10.9995,122.6711,76.93,92,80,4.63,broken clouds
274,Geraldton,AU,-28.7667,114.6,63.01,94,40,10.36,scattered clouds
275,Longyearbyen,SJ,78.2186,15.6401,44.44,87,75,9.22,broken clouds
276,Nanortalik,GL,60.1432,-45.2371,47.01,92,100,19.93,moderate rain
277,Campina Verde,BR,-19.5356,-49.4864,83.93,23,1,7.83,clear sky
278,Jadu,LY,31.953,12.0261,91.44,19,0,8.93,clear sky
279,Diego De Almagro,CL,-26.3667,-70.05,67.64,27,0,9.15,clear sky
280,Carballo,ES,43.213,-8.691,67.77,82,18,4.32,few clouds
281,Keetmanshoop,NA,-26.5833,18.1333,67.35,12,0,5.84,clear sky
282,La Fria,VE,8.2203,-72.2439,93.31,40,94,7.09,overcast clouds
283,Serowe,BW,-22.3833,26.7167,64.08,23,0,4.83,clear sky
284,Mutoko,ZW,-17.397,32.2268,61.23,40,0,10.38,clear sky
285,Saint George,US,37.1041,-113.5841,95.47,13,1,1.99,haze
286,Praia Da Vitoria,PT,38.7333,-27.0667,73.76,66,32,10.33,scattered clouds
287,Paamiut,GL,61.994,-49.6678,41.97,93,100,3.53,moderate rain
288,Kashi,CN,39.4547,75.9797,79.36,31,100,9.46,overcast clouds
289,Namibe,AO,-15.1961,12.1522,69.58,81,100,4.12,overcast clouds
290,Maceio,BR,-9.6658,-35.7353,74.64,83,75,9.22,broken clouds
291,Dossor,KZ,47.5272,52.9811,83.62,31,0,10.38,clear sky
292,Carutapera,BR,-1.195,-46.02,81.12,80,77,6.71,broken clouds
293,Ardee,IE,53.8597,-6.5406,60.64,91,97,16.11,moderate rain
294,Salalah,OM,17.0151,54.0924,78.89,89,90,6.91,overcast clouds
295,Charlottesville,US,38.0293,-78.4767,85.08,82,1,4.0,clear sky
296,Marsa Matruh,EG,31.3525,27.2453,80.17,83,0,10.94,clear sky
297,Rakke,EE,58.9817,26.2544,62.24,98,97,4.76,overcast clouds
298,Sorland,NO,67.667,12.6934,57.13,81,100,13.27,overcast clouds
299,Mwanza,TZ,-2.5167,32.9,75.88,50,6,1.88,clear sky
300,Kemin,KG,42.7846,75.6892,67.3,34,60,5.75,broken clouds
301,Lubango,AO,-14.9172,13.4925,60.49,29,3,4.45,clear sky
302,Korla,CN,41.7597,86.1469,78.98,34,5,5.1,clear sky
303,Los Llanos De Aridane,ES,28.6585,-17.9182,71.35,94,20,10.36,few clouds
304,Zubtsov,RU,56.1753,34.5894,64.96,93,100,4.12,overcast clouds
305,Bereda,ES,43.2686,-7.5406,64.42,67,18,5.1,few clouds
306,Melfi,IT,40.9965,15.6514,80.22,42,0,4.34,clear sky
307,Kapuskasing,CA,49.4169,-82.4331,68.9,39,6,6.24,clear sky
308,Gidam,IN,18.9833,81.4,74.35,94,100,2.17,overcast clouds
309,Mayumba,GA,-3.432,10.6554,72.86,85,98,4.54,overcast clouds
310,San Pedro,PH,14.35,121.0167,82.35,86,100,7.96,overcast clouds
311,Mweka,CD,-4.85,21.5667,74.73,29,25,1.74,scattered clouds
312,Necochea,AR,-38.5473,-58.7368,56.03,66,65,13.98,broken clouds
313,Barcelos,PT,41.5388,-8.6151,69.28,71,4,11.03,clear sky
314,Brae,GB,60.3964,-1.353,58.91,89,100,16.44,overcast clouds
315,Pedreiras,BR,-4.5688,-44.6003,96.19,27,6,5.73,clear sky
316,Jurm,AF,36.8648,70.8342,67.8,34,0,1.95,clear sky
317,Bonavista,CA,48.6499,-53.1147,69.35,74,100,18.68,overcast clouds
318,Mattru,SL,7.6244,-11.8332,77.45,73,92,5.82,overcast clouds
319,Herat,AF,34.5,62.0,83.68,15,0,30.47,clear sky
320,Kazerun,IR,29.6195,51.6541,93.43,22,98,4.54,overcast clouds
321,Menongue,AO,-14.6585,17.691,59.85,19,0,4.59,clear sky
322,Ponta Delgada,PT,37.7333,-25.6667,72.32,64,75,10.36,broken clouds
323,Adre,TD,13.4667,22.2,74.55,74,64,5.17,broken clouds
324,Jharsuguda,IN,21.85,84.0333,79.61,82,100,5.37,overcast clouds
325,Bahia Blanca,AR,-38.7196,-62.2724,59.52,35,0,9.82,clear sky
326,Horodnya,UA,51.8909,31.5974,60.44,76,100,6.29,overcast clouds
327,Emba,KZ,48.8264,58.1442,74.77,23,0,9.71,clear sky
328,Lima,PE,-12.0432,-77.0282,62.85,72,90,11.5,overcast clouds
329,Margate,GB,51.3813,1.3862,64.11,80,77,5.01,broken clouds
330,Gao,ML,16.6362,1.637,98.06,27,39,6.93,scattered clouds
331,Port Hawkesbury,CA,45.6169,-61.3485,81.01,75,100,3.0,overcast clouds
332,La Romana,DO,18.4273,-68.9728,82.13,89,40,9.22,scattered clouds
333,Ribeira Brava,PT,32.65,-17.0667,77.0,83,73,7.72,broken clouds
334,Sao Joao Da Barra,BR,-21.6403,-41.0511,70.41,66,100,13.98,overcast clouds
335,San Lorenzo,PY,-25.3333,-57.5333,88.74,33,0,11.5,clear sky
336,Yining,CN,29.0361,114.5636,77.13,92,13,2.35,few clouds
337,Baymak,RU,52.5933,58.3225,56.75,57,7,6.64,clear sky
338,Ferrol,ES,43.4832,-8.2369,68.25,75,11,6.71,few clouds
339,Kismayo,SO,-0.3582,42.5454,75.87,83,11,15.43,few clouds
340,Sao Felix Do Xingu,BR,-6.6447,-51.995,98.76,19,13,4.14,few clouds
341,Rundu,NA,-17.9333,19.7667,63.88,18,0,5.48,clear sky
342,Sokoni,TZ,-6.4333,39.55,75.16,77,8,8.86,clear sky
343,Gazojak,TM,41.1875,61.4036,91.9,16,1,11.99,clear sky
344,Araouane,ML,18.9048,-3.5265,104.32,21,100,6.26,overcast clouds
345,Boa Vista,BR,2.8197,-60.6733,84.18,70,75,2.3,broken clouds
346,Santa Fe,AR,-31.6333,-60.7,87.75,36,0,4.0,clear sky
347,Khakhea,BW,-24.6895,23.494,60.87,15,0,5.46,clear sky
348,Belyy Yar,RU,53.6039,91.3903,58.89,100,100,0.0,overcast clouds
349,Livingstonia,MW,-10.606,34.1063,60.91,60,2,5.32,clear sky
350,Carnarvon,AU,-24.8667,113.6333,66.27,90,75,8.05,broken clouds
351,Rincon,US,32.296,-81.2354,86.45,84,75,8.05,broken clouds
352,Janauba,BR,-15.8025,-43.3089,81.01,21,100,12.15,overcast clouds
353,Elmadag,TR,39.9208,33.2308,69.66,65,100,5.77,overcast clouds
354,Usinsk,RU,65.9939,57.5281,51.84,84,100,10.65,overcast clouds
355,Vestmanna,FO,62.1564,-7.1664,61.72,63,75,12.66,broken clouds
356,Jacobina,BR,-11.1806,-40.5183,72.55,66,95,12.35,overcast clouds
357,Slobidka,UA,47.8869,29.3461,62.65,67,0,6.51,clear sky
358,Harrisonburg,US,38.4496,-78.8689,81.82,56,1,4.61,clear sky
359,Dutse,NG,11.7594,9.3392,69.19,92,100,13.87,heavy intensity rain
360,Westport,US,41.1415,-73.3579,90.16,55,1,1.99,clear sky
361,Doha,QA,25.2867,51.5333,96.78,56,0,4.61,clear sky
362,Engerwitzdorf,AT,48.3451,14.442,65.14,85,98,5.01,overcast clouds
363,Oldenburg,DE,53.1667,8.2,67.08,76,100,6.53,overcast clouds
364,Riyadh,SA,24.6877,46.7219,98.74,11,68,7.05,broken clouds
365,Porto Novo,BJ,6.4965,2.6036,75.42,90,100,5.95,moderate rain
366,Lisala,CD,2.15,21.5167,69.71,93,97,1.28,overcast clouds
367,Hamilton,US,39.1834,-84.5333,89.94,53,1,1.01,clear sky
368,Kerchevskiy,RU,59.946,56.2884,48.76,87,0,5.44,clear sky
369,Santa Helena,BR,-2.2311,-45.3,87.91,51,79,1.19,light rain
370,Silca,HN,14.8333,-86.5333,88.61,44,100,6.22,overcast clouds
371,Fishers,US,39.9556,-86.0139,88.2,62,75,3.0,broken clouds
372,Chapais,CA,49.7834,-74.8492,65.95,32,6,8.39,clear sky
373,Paraguacu Paulista,BR,-22.4128,-50.5758,83.77,23,36,7.45,scattered clouds
374,Cruz Alta,BR,-28.6386,-53.6064,74.97,58,0,7.18,clear sky
375,Rawson,AR,-43.3002,-65.1023,54.91,29,0,33.2,clear sky
376,Elizabethtown,US,37.694,-85.8591,88.25,56,40,9.22,scattered clouds
377,Batsfjord,NO,70.6345,29.7185,62.01,65,93,10.31,light rain
378,Khorixas,NA,-20.3667,14.9667,73.94,17,0,9.53,clear sky
379,Sault Sainte Marie,CA,46.5168,-84.3333,79.09,53,20,3.44,few clouds
380,Marzuq,YE,14.4,46.4667,86.99,39,97,4.47,overcast clouds
381,Wattegama,LK,6.7989,81.4808,79.72,89,100,6.6,overcast clouds
382,Raudeberg,NO,61.9875,5.1352,65.95,72,100,8.23,overcast clouds
383,El Alto,PE,-4.2714,-81.2147,71.26,65,21,18.21,few clouds
384,Ilhabela,BR,-23.7781,-45.3581,69.03,75,100,8.48,overcast clouds
385,Berlevag,NO,70.8578,29.0864,60.82,67,16,9.24,few clouds
386,High Rock,BS,26.6208,-78.2833,87.82,69,6,8.55,clear sky
387,Lahij,YE,13.1667,44.5833,88.61,38,17,3.98,few clouds
388,Wadi Maliz,TN,36.4681,8.5495,89.87,33,71,5.64,broken clouds
389,Tikamgarh,IN,24.745,78.8333,77.09,92,100,9.26,light rain
390,Sao Filipe,CV,14.8961,-24.4956,79.05,81,59,6.2,broken clouds
391,San Ignacio,BZ,17.1561,-89.0714,93.34,55,40,9.22,thunderstorm
392,Puerto Narino,CO,-3.7703,-70.3831,89.55,50,98,1.99,overcast clouds
393,The Valley,AI,18.217,-63.0578,86.14,70,40,13.8,scattered clouds
394,Yar-Sale,RU,66.8333,70.8333,59.76,81,7,10.25,clear sky
395,Kincardine,GB,56.0667,-3.7167,64.38,95,100,2.77,light rain
396,Jimeta,NG,9.2833,12.4667,76.05,84,100,2.86,overcast clouds
397,Vestmannaeyjar,IS,63.4427,-20.2734,55.02,90,100,13.47,overcast clouds
398,Guaraniacu,BR,-25.1008,-52.8781,74.41,38,0,5.73,clear sky
399,Basmat,IN,19.3167,77.1667,82.51,64,100,5.61,overcast clouds
400,Ostersund,SE,63.1792,14.6357,63.05,42,99,10.36,overcast clouds
401,Barreiras,BR,-12.1528,-44.99,87.8,22,69,8.93,broken clouds
402,Saint-Georges,GD,12.0564,-61.7485,84.07,62,12,9.1,few clouds
403,Karpogory,RU,64.0019,44.4451,53.37,73,0,5.14,clear sky
404,Mutis,CO,6.2262,-77.4044,81.73,78,44,9.35,light rain
405,Colina,BR,-20.7133,-48.5408,79.41,30,80,9.89,broken clouds
406,Borba,BR,-4.3878,-59.5939,96.22,32,83,1.32,broken clouds
407,Galich,RU,58.3797,42.3475,58.93,97,96,8.28,light rain
408,Camana,PE,-16.6228,-72.7111,64.54,75,50,8.28,scattered clouds
409,Bad Sooden-Allendorf,DE,51.2833,9.9833,67.01,87,99,7.65,overcast clouds
410,Port Blair,IN,11.6667,92.75,82.08,83,100,14.63,overcast clouds
411,Mizdah,LY,31.4451,12.9801,92.12,25,0,19.6,clear sky
412,Itarema,BR,-2.9248,-39.9167,84.52,59,93,18.95,overcast clouds
413,Presidencia Roque Saenz Pena,AR,-26.7852,-60.4388,93.02,16,0,15.14,clear sky
414,Manjeshwar,IN,12.7194,74.8861,76.15,89,100,4.81,overcast clouds
415,Clarence Town,AU,-32.5833,151.7833,54.86,74,97,2.64,overcast clouds
416,Luanda,AO,-8.8368,13.2343,73.4,83,0,5.75,clear sky
417,Biala Podlaska,PL,52.0324,23.1165,63.21,83,30,4.81,scattered clouds
418,Lokosovo,RU,61.1333,74.8167,62.02,85,0,5.95,clear sky
419,Boden,SE,65.8252,21.6886,66.2,56,100,4.97,overcast clouds
420,Eydhafushi,MV,5.1033,73.0708,83.43,75,100,13.87,overcast clouds
421,Malanje,AO,-9.5402,16.341,73.33,16,99,1.48,overcast clouds
422,Harper,LR,4.375,-7.7169,77.54,79,100,12.19,overcast clouds
423,Altay,CN,47.8667,88.1167,60.67,51,5,5.55,clear sky
424,Prainha,BR,-1.8,-53.48,91.9,36,14,3.6,few clouds
425,Bousso,TD,10.4795,16.7117,75.74,84,100,6.26,light rain
426,Muisne,EC,0.6,-80.0333,84.31,74,94,12.5,overcast clouds
427,Rio Branco,BR,-9.9747,-67.81,93.81,31,40,5.75,scattered clouds
428,Gambela,ET,8.25,34.5833,76.08,75,100,3.47,overcast clouds
429,Mindelo,CV,16.8901,-24.9804,80.15,65,75,13.8,broken clouds
430,Nador,MA,35.174,-2.9287,79.05,47,0,25.32,clear sky
431,Albany,US,42.6001,-73.9662,87.8,62,98,2.59,overcast clouds
432,Malkara,TR,40.89,26.9011,72.3,55,0,8.99,clear sky
433,Muli,MV,2.9167,73.5667,80.15,79,100,6.11,moderate rain
434,Padang,ID,-0.9492,100.3543,77.76,89,31,3.74,scattered clouds
435,Uruzgan,AF,32.8333,66.0,74.19,16,0,1.12,clear sky
436,Olafsvik,IS,64.8945,-23.7142,55.71,77,53,4.99,broken clouds
437,Maniitsoq,GL,65.4167,-52.9,42.73,88,100,7.31,light rain
438,Estancia,BR,-11.2683,-37.4383,80.08,70,69,8.99,broken clouds
439,Toamasina,MG,-18.1667,49.3833,67.08,84,17,2.51,few clouds
440,Warrington,GB,53.3925,-2.5802,60.98,95,90,1.01,overcast clouds
441,Warri,NG,5.5167,5.75,77.32,82,100,5.59,overcast clouds
442,Mucurapo,TT,10.6667,-61.5333,83.97,79,78,6.22,broken clouds
443,Semnan,IR,35.5729,53.3971,85.3,27,0,3.44,clear sky
444,Port-Gentil,GA,-0.7193,8.7815,74.97,87,100,14.76,light rain
445,Bealanana,MG,-14.55,48.7333,60.03,83,96,2.84,overcast clouds
446,Pudozh,RU,61.8099,36.5345,63.48,60,100,11.01,light rain
447,Iaciara,BR,-14.0958,-46.6317,84.34,24,100,8.68,overcast clouds
448,Bom Jesus,BR,-9.0744,-44.3586,90.48,27,2,9.93,clear sky
449,Santa Isabel Do Rio Negro,BR,-0.4139,-65.0192,84.11,67,97,1.66,moderate rain
450,Gamba,GA,-2.65,10.0,73.18,85,100,6.29,overcast clouds
451,Grootfontein,NA,-19.5667,18.1167,64.72,21,0,5.66,clear sky
452,Laguna,US,38.421,-121.4238,94.6,40,1,5.75,clear sky
453,Fomeque,CO,4.488,-73.8975,72.36,70,72,5.26,broken clouds
454,Sassandra,CI,4.95,-6.0833,76.15,85,93,8.75,overcast clouds
455,Vilcun,CL,-38.65,-72.2333,48.94,57,27,7.52,scattered clouds
456,Plettenberg Bay,ZA,-34.0527,23.3716,59.36,71,100,1.86,overcast clouds
457,Voghera,IT,44.9947,9.0086,79.29,66,100,3.51,overcast clouds
458,Mwinilunga,ZM,-11.7358,24.4293,63.39,27,8,5.19,clear sky
459,Ornskoldsvik,SE,63.2909,18.7153,67.82,52,90,8.05,overcast clouds
460,Comodoro Rivadavia,AR,-45.8667,-67.5,53.46,26,0,20.71,clear sky
461,Bertoua,CM,4.5833,13.6833,68.77,96,100,1.23,light rain
462,Raga,SS,8.4596,25.678,72.28,90,100,4.18,overcast clouds
463,Lundamo,NO,63.1333,10.3,65.07,55,100,8.46,overcast clouds
464,Lukovetskiy,RU,64.2956,41.9211,51.78,71,0,5.41,clear sky
465,Roald,NO,62.5833,6.1333,69.85,49,0,3.44,clear sky
466,Puri,IN,19.8,85.85,84.72,79,100,14.09,overcast clouds
467,Kutum,SD,14.2,24.6667,77.13,59,98,12.93,overcast clouds
468,Idukki,IN,9.85,76.9667,69.55,99,100,2.51,overcast clouds
469,Tuskegee,US,32.424,-85.6916,93.42,44,86,1.77,overcast clouds
470,Ouro Preto Do Oeste,BR,-10.7481,-62.2158,98.96,17,0,2.59,clear sky
471,Banepa,NP,27.6298,85.5214,70.12,94,75,4.61,broken clouds
472,Oblivskaya,RU,48.5362,42.5014,87.55,23,8,14.61,clear sky
473,Kulunda,RU,52.566,78.9385,66.47,49,9,6.6,clear sky
474,Villarrica,PY,-25.75,-56.4333,88.57,23,0,9.48,clear sky
475,Belmonte,BR,-15.8631,-38.8828,75.7,62,11,11.1,few clouds
476,Bonthe,SL,7.5264,-12.505,78.48,72,29,7.67,scattered clouds
477,Tingi,TZ,-11.3,35.0333,60.85,52,4,3.78,clear sky
478,Charleston,US,32.7766,-79.9309,82.74,88,90,1.99,overcast clouds
479,Hithadhoo,MV,-0.6,73.0833,82.4,73,100,10.49,overcast clouds
480,Mitsamiouli,KM,-11.3847,43.2844,77.36,66,95,4.18,overcast clouds
481,Ladario,BR,-19.0047,-57.6017,95.29,24,0,12.66,clear sky
482,Muriti,TZ,-1.9833,32.9167,75.79,60,10,1.79,clear sky
483,Usogorsk,RU,63.4106,48.6872,51.12,71,0,3.98,clear sky
484,Calvia,ES,39.5657,2.5062,84.92,69,20,3.31,few clouds
485,Hetauda,NP,27.4284,85.0322,81.75,93,98,3.15,moderate rain
486,Kindu,CD,-2.95,25.95,75.67,72,95,2.37,overcast clouds
487,Novara,IT,45.5853,8.5778,77.95,78,40,5.75,scattered clouds
488,Rio Grande,BR,-32.035,-52.0986,80.94,75,0,11.05,clear sky
489,Mao,ES,39.8885,4.2658,81.16,74,40,8.05,scattered clouds
490,Tres Arroyos,AR,-38.3739,-60.2798,59.0,42,99,13.78,overcast clouds
491,Ndele,CF,8.4109,20.6473,71.53,92,100,6.04,overcast clouds
492,Tocopilla,CL,-22.092,-70.1979,64.18,67,21,8.55,few clouds
493,Bronnitsy,RU,55.4194,38.2708,75.78,88,0,6.71,clear sky
494,Los Algarrobos,PA,8.5,-82.4333,87.46,74,40,9.22,scattered clouds
495,Albert Town,JM,18.2943,-77.5424,86.11,50,26,7.23,scattered clouds
496,Novoagansk,RU,61.9449,76.6625,63.03,76,76,4.25,broken clouds
497,Hamptons At Boca Raton,US,26.3826,-80.1859,93.02,69,40,5.01,scattered clouds
498,Camacha,PT,33.0833,-16.3333,73.53,73,75,8.05,broken clouds
499,Spring,US,30.0799,-95.4172,97.88,50,40,5.01,scattered clouds
500,Fundata,RO,45.4367,25.2751,55.89,76,6,1.19,clear sky
501,Cozumel,MX,20.5083,-86.9458,91.38,77,75,5.01,broken clouds
502,Ust-Tsilma,RU,65.441,52.1498,45.66,93,0,3.06,clear sky
503,Puerto Del Rosario,ES,28.5004,-13.8627,74.95,73,40,14.97,scattered clouds
504,Margherita Di Savoia,IT,41.3742,16.1502,85.91,51,0,7.76,clear sky
505,Tucurui,BR,-3.7661,-49.6725,96.04,28,13,5.1,few clouds
506,Angoche,MZ,-16.2325,39.9086,73.15,76,0,8.79,clear sky
507,Juba,SS,4.8517,31.5825,74.52,77,6,4.25,clear sky
508,Barsovo,RU,61.1667,73.1667,62.73,83,30,6.53,scattered clouds
509,Joao Pinheiro,BR,-17.7425,-46.1725,74.57,40,100,9.89,overcast clouds
510,Kodar,IN,16.9833,79.9667,85.8,57,88,3.22,overcast clouds
511,Banyo,CM,6.75,11.8167,64.71,97,100,3.58,light rain
512,Corner Brook,CA,48.9667,-57.9484,68.22,56,32,14.45,scattered clouds
513,Brokopondo,SR,4.75,-55.1667,81.48,80,46,1.5,scattered clouds
514,Phalaborwa,ZA,-23.943,31.1411,65.89,60,0,9.08,clear sky
515,Kannur,IN,11.8675,75.3576,76.91,89,100,5.06,light rain
516,Daudnagar,IN,25.0333,84.4,80.58,88,100,7.45,overcast clouds
517,Tessalit,ML,20.1986,1.0114,98.64,21,92,9.48,overcast clouds
518,Tera,NE,14.0078,0.7531,95.14,37,9,9.46,clear sky
519,Ugoofaaru,MV,5.6667,73.0,83.44,76,100,13.29,overcast clouds
520,Bako,ET,5.7833,36.5667,70.79,54,75,3.74,broken clouds
521,Itaituba,BR,-4.2761,-55.9836,101.41,20,5,1.79,clear sky
522,Seara,PT,41.1818,-7.8003,66.96,56,1,8.19,clear sky
523,Hambantota,LK,6.1241,81.1185,80.94,89,0,8.05,clear sky
524,Belomorsk,RU,64.5232,34.7668,55.96,71,91,8.12,overcast clouds
525,Bandundu,CD,-3.3167,17.3667,85.01,31,25,1.54,scattered clouds
526,Aasiaat,GL,68.7098,-52.8699,38.1,87,100,2.91,overcast clouds
527,Talcahuano,CL,-36.7167,-73.1167,56.88,58,75,11.5,broken clouds
528,Idil,TR,37.3411,41.8895,86.29,23,26,4.56,scattered clouds
529,Santa Cruz Del Sur,CU,20.7147,-77.9956,87.1,63,17,8.16,moderate rain
530,Henties Bay,NA,-22.116,14.2845,55.85,80,5,8.93,clear sky
531,Havelock,US,34.8791,-76.9013,82.35,90,100,8.95,overcast clouds
532,Zhanaozen,KZ,43.3,52.8,91.4,16,0,2.08,clear sky
533,Alpena,US,45.0617,-83.4327,79.12,61,75,5.75,broken clouds
534,San Carlos De Bariloche,AR,-41.1456,-71.3082,42.55,45,20,20.71,few clouds
535,Kosh-Agach,RU,50.0,88.6667,46.67,76,12,3.11,few clouds
536,Oyem,GA,1.5995,11.5793,68.43,97,100,2.89,light rain
537,Martinsicuro,IT,42.8811,13.9145,81.88,75,0,8.55,clear sky
538,Umm Kaddadah,SD,13.6017,26.6876,84.6,45,69,13.96,broken clouds
539,Chokwe,MZ,-24.5333,32.9833,63.19,88,0,6.46,clear sky
540,General Roca,AR,-39.0333,-67.5833,58.17,16,98,14.34,overcast clouds
541,Jizan,SA,17.3333,42.6667,91.02,46,98,4.34,overcast clouds
542,Porbandar,IN,21.6422,69.6093,82.81,74,75,11.03,broken clouds
543,Halmstad,SE,56.6745,12.8568,65.32,74,40,3.44,scattered clouds
544,Tonekabon,IR,36.8163,50.8738,86.54,61,1,1.99,clear sky
545,Letlhakane,BW,-21.4167,25.5833,65.55,21,0,9.19,clear sky
546,Ouesso,CG,1.6136,16.0517,71.49,95,95,0.96,light rain
547,Rovaniemi,FI,66.5,25.7167,67.41,45,0,10.36,clear sky
548,Buritis,BR,-15.6178,-46.4233,79.36,33,100,8.25,overcast clouds
549,Cabedelo,BR,-6.9811,-34.8339,75.87,75,25,21.88,scattered clouds
550,Vieques,PR,18.425,-65.8329,90.18,66,40,16.11,scattered clouds
551,Aurillac,FR,44.9167,2.45,61.05,86,39,3.87,scattered clouds
552,Deder,ET,9.3167,41.45,59.97,81,100,2.33,moderate rain
553,Dzilam Gonzalez,MX,21.2833,-88.9333,92.7,49,73,9.15,broken clouds
554,Channel-Port Aux Basques,CA,47.5702,-59.1367,66.24,87,77,5.17,broken clouds
555,La Serena,CL,-29.9078,-71.2542,62.11,55,20,12.66,few clouds
556,Kayes,ML,14.0,-11.0,82.09,65,100,7.18,overcast clouds
557,Talagang,PK,32.9297,72.4158,91.22,46,18,7.96,few clouds
558,Tucuma,BR,-0.1833,-50.05,87.58,59,88,9.37,overcast clouds
559,Itacarambi,BR,-15.1022,-44.0919,82.18,24,100,5.08,overcast clouds
560,Bani,DO,18.2833,-70.3333,85.44,53,8,14.45,clear sky
561,Prado,BR,-17.3411,-39.2208,70.54,78,84,11.05,broken clouds
562,Kariba,ZW,-16.5167,28.8,67.89,41,0,3.89,clear sky
563,Tandil,AR,-37.3217,-59.1332,70.3,55,61,5.99,broken clouds
564,Vigrestad,NO,58.5667,5.7,62.01,71,14,21.25,few clouds
565,Zlutice,CZ,50.0919,13.163,60.35,92,100,7.2,moderate rain
566,Lujan,AR,-34.5703,-59.105,80.02,58,5,5.12,clear sky
567,Makokou,GA,0.5738,12.8642,70.11,94,98,2.15,light rain
568,Grindavik,IS,63.8424,-22.4338,58.55,94,75,6.91,broken clouds
569,Lavumisa,SZ,-27.31,31.892,59.16,85,0,1.23,clear sky
570,Faya,SA,18.3851,42.4509,64.92,67,12,4.36,few clouds
571,Scarborough,GB,54.2797,-0.4044,63.97,76,97,1.01,overcast clouds
572,Ponnani,IN,10.767,75.9252,74.52,90,100,8.23,overcast clouds
573,San Jose,US,37.3394,-121.895,88.02,57,90,6.91,smoke
574,Kalabo,ZM,-14.97,22.6814,63.99,18,0,4.43,clear sky
575,Zhezkazgan,KZ,47.8043,67.7144,72.5,49,66,5.91,broken clouds
576,Totskoye,RU,52.5248,52.7623,68.45,40,6,8.12,clear sky
577,Izhma,RU,65.0083,53.9113,47.75,88,100,4.61,overcast clouds
578,Phalodi,IN,27.1333,72.3667,94.24,39,74,15.86,broken clouds
579,Pimenta Bueno,BR,-11.6725,-61.1936,98.53,17,0,3.49,clear sky
580,Qaqortoq,GL,60.7167,-46.0333,52.3,92,100,6.02,heavy intensity rain
581,Mount Pleasant,US,32.7941,-79.8626,81.07,87,75,1.99,broken clouds
582,Goderich,CA,43.7501,-81.7165,84.04,74,2,4.43,clear sky
583,Glimboca,RO,45.4833,22.3167,66.2,58,0,5.19,clear sky
584,Amot,NO,59.5714,7.9877,54.5,90,100,3.29,overcast clouds
585,Gat,IL,31.61,34.7642,83.8,29,0,8.05,clear sky
586,Jacareacanga,BR,-6.2222,-57.7528,100.11,19,0,3.8,clear sky
587,Kuopio,FI,62.8924,27.677,66.15,55,0,13.8,clear sky
588,Soyo,AO,-6.1349,12.3689,72.77,83,80,6.51,broken clouds
589,Matay,EG,28.419,30.7792,97.57,16,0,13.76,clear sky
590,Arroyos Y Esteros,PY,-25.0667,-57.1,89.35,18,0,9.82,clear sky
591,Salinopolis,BR,-0.6136,-47.3561,80.83,77,67,11.16,broken clouds
592,Micheweni,TZ,-4.9667,39.8333,74.01,82,4,10.83,clear sky
593,Santiago Del Estero,AR,-27.7951,-64.2615,90.81,17,0,14.61,clear sky
594,Imbituba,BR,-28.24,-48.6703,67.89,81,100,13.11,overcast clouds
595,Mkushi,ZM,-13.6202,29.3939,61.7,39,1,5.12,clear sky
596,Nantucket,US,41.2835,-70.0995,84.96,84,1,11.5,clear sky
597,Igrim,RU,63.1906,64.4162,65.62,73,100,6.82,overcast clouds
598,Teguldet,RU,57.3064,88.1667,59.41,95,99,3.11,overcast clouds
599,Banda Aceh,ID,5.5577,95.3222,79.95,82,78,8.79,broken clouds
600,Curanilahue,CL,-37.4667,-73.35,54.63,47,28,8.84,scattered clouds
601,Turbat,PK,26.0023,63.044,87.8,58,86,3.96,overcast clouds
602,Ler,SS,8.3018,30.1418,68.83,94,100,3.04,overcast clouds
603,Washington,US,47.5001,-120.5015,83.79,47,66,8.59,broken clouds
604,Nkhata Bay,MW,-11.6066,34.2907,69.89,63,0,2.42,clear sky
605,Kaka,TM,37.3482,59.6143,90.1,15,0,0.81,clear sky
606,Chacabuco,AR,-34.6417,-60.4739,79.81,37,0,6.67,clear sky
607,Kjollefjord,NO,70.9457,27.3465,60.39,69,80,5.01,broken clouds
608,Ayagoz,KZ,47.9714,80.4392,63.95,38,3,5.53,clear sky
609,Grand-Lahou,CI,5.1367,-5.0242,75.49,88,81,12.1,broken clouds
610,Obo,CF,5.3998,26.4869,69.03,97,100,3.91,overcast clouds
611,Nivala,FI,63.9167,24.9667,64.69,54,17,10.04,few clouds
612,Uray,RU,60.1247,64.7758,60.24,97,100,7.7,light rain
613,Jashpurnagar,IN,22.9,84.15,73.63,90,100,4.29,moderate rain
614,Krasnyy Yar,RU,46.5331,48.3456,80.53,28,0,12.21,clear sky
615,Longonjo,AO,-12.9067,15.2533,67.98,15,9,3.06,clear sky
616,Chicama,PE,-7.8447,-79.1469,64.94,60,9,11.63,clear sky
617,Talara,PE,-4.5772,-81.2719,74.16,64,20,14.97,few clouds
618,Bud,US,39.447,-86.1758,88.12,65,18,5.53,few clouds
619,Zaozerne,UA,45.1582,33.2787,77.95,62,41,15.9,scattered clouds
620,Fecamp,FR,49.7579,0.3746,63.48,90,98,23.98,overcast clouds
621,Manta,EC,-0.95,-80.7333,76.78,73,75,12.66,broken clouds
622,La Peca,PE,-5.6111,-78.435,84.38,41,62,3.49,broken clouds
623,Raghogarh,IN,24.45,77.2,74.26,96,99,7.83,overcast clouds
624,Santa Maria,BR,-29.6842,-53.8069,79.7,52,0,6.73,clear sky
625,Lumeje,AO,-11.55,20.7833,66.79,15,8,4.18,clear sky
626,Londa,IN,15.4691,74.5191,69.13,96,69,5.1,broken clouds
627,Taltal,CL,-25.4,-70.4833,57.61,72,38,5.12,scattered clouds
628,Evreux,FR,49.0241,1.1508,63.41,77,75,11.5,broken clouds
629,Tarko-Sale,RU,64.9225,77.785,64.26,58,8,6.42,clear sky
630,Tazmalt,DZ,36.3868,4.3989,91.04,28,100,5.73,overcast clouds
631,Tucupita,VE,9.0622,-62.051,83.93,71,81,5.95,broken clouds
632,Kokkola,FI,63.8385,23.1307,68.94,60,0,6.91,clear sky
633,Grand Gaube,MU,-20.0064,57.6608,71.38,72,52,5.01,broken clouds
634,Maarianhamina,AX,60.0973,19.9348,60.66,94,90,10.36,overcast clouds
635,Battle Creek,US,42.3212,-85.1797,83.71,61,75,5.75,broken clouds
636,Novyy Urengoy,RU,66.0833,76.6333,64.06,56,6,7.11,clear sky
637,Baraboo,US,43.4711,-89.7443,71.74,59,100,7.49,moderate rain
638,Kuytun,RU,54.3419,101.5036,54.07,81,8,4.16,clear sky
639,Severnyy,RU,50.677,36.5532,71.64,73,0,4.47,clear sky
640,Thinadhoo,MV,0.5333,72.9333,81.95,75,100,9.86,overcast clouds
641,Pozo Colorado,PY,-23.4923,-58.7972,94.98,15,5,12.44,clear sky
642,Boddam,GB,57.4667,-1.7833,61.18,87,1,14.54,clear sky
643,Awbari,LY,26.5921,12.7805,95.16,8,0,8.21,clear sky
644,Murwara,IN,23.85,80.4,74.14,91,62,7.09,moderate rain
645,Pampas,PE,-12.4,-74.9,64.38,32,33,8.34,scattered clouds
646,Muhos,FI,64.808,25.9931,65.98,54,0,9.84,clear sky
647,Monitos,CO,8.25,-76.05,84.99,71,94,1.21,overcast clouds
648,Aksaray,TR,38.3726,34.0254,62.19,71,100,3.67,overcast clouds
649,Qasigiannguit,GL,68.8193,-51.1922,52.05,67,100,5.3,overcast clouds
650,Nuuk,GL,64.1835,-51.7216,47.01,76,75,6.91,broken clouds
651,Chabahar,IR,25.2919,60.643,82.89,81,94,6.49,overcast clouds
652,Jaciara,BR,-15.9653,-54.9683,93.18,19,2,4.27,clear sky
653,Lasa,IT,46.6166,10.7002,65.03,98,90,5.95,moderate rain
654,Buraydah,SA,26.326,43.975,93.78,12,89,2.55,overcast clouds
655,Sabha,LY,27.0377,14.4283,95.63,8,0,4.97,clear sky
656,Ivanishchi,RU,55.7742,40.4273,68.54,61,97,7.43,light rain
657,Alta Floresta,BR,-9.8756,-56.0861,98.83,16,0,3.06,clear sky
658,Tanout,NE,14.9709,8.8879,94.96,29,7,6.64,clear sky
659,Mirabad,AF,30.4362,61.8383,93.33,11,0,15.23,clear sky
660,Kemijarvi,FI,66.7131,27.4306,57.51,67,9,5.26,clear sky
661,Rio Gallegos,AR,-51.6226,-69.2181,41.05,52,20,31.07,light rain
662,Boali,CF,4.8005,18.1275,71.02,97,100,3.4,overcast clouds
663,Astakos,GR,38.5356,21.0814,80.58,55,0,2.8,clear sky
664,Opatija,HR,45.3392,14.3083,78.49,77,1,3.4,clear sky
665,Sena Madureira,BR,-9.0656,-68.6569,99.68,21,0,1.77,clear sky
666,Conakry,GN,9.538,-13.6773,79.92,69,93,7.02,overcast clouds
667,Caucaia,BR,-3.7361,-38.6531,85.95,70,20,21.85,few clouds
668,Ngorongoro,TZ,-3.2397,35.4875,52.72,71,31,4.85,scattered clouds
669,Sainte-Suzanne,RE,-20.9061,55.6089,71.78,68,90,12.66,overcast clouds
670,Krasnoselkup,RU,65.7,82.4667,63.68,64,91,5.19,overcast clouds
671,Bay Roberts,CA,47.5999,-53.2648,78.44,68,100,13.0,overcast clouds
672,Giddalur,IN,15.35,78.9167,83.59,58,23,3.13,few clouds
673,Salym,RU,60.0625,71.4789,64.94,83,99,4.29,overcast clouds
674,Plavsk,RU,53.7094,37.2919,71.98,59,93,1.61,light rain
675,Esfahan,IR,32.6572,51.6776,78.44,19,86,4.85,overcast clouds
676,Ipora,BR,-16.4419,-51.1178,83.95,25,97,3.74,overcast clouds
677,Pychas,RU,56.5033,52.4409,60.06,92,100,2.51,light rain
678,Dilla,ET,6.41,38.31,64.54,80,100,4.63,overcast clouds
679,Peniche,PT,39.3558,-9.3811,71.08,77,8,15.26,clear sky
680,Nizhnevartovsk,RU,60.9344,76.5531,60.82,94,2,4.47,clear sky
681,Qandala,SO,11.472,49.8728,89.55,50,0,0.67,clear sky
682,Karema,TZ,-6.8205,30.4389,74.61,52,49,3.89,scattered clouds
683,Bilma,NE,18.6853,12.9164,100.0,20,75,14.63,broken clouds
684,Nizwa,OM,22.9333,57.5333,97.34,20,78,5.73,broken clouds
685,Amudat,UG,1.95,34.95,73.15,60,70,4.59,broken clouds
686,Springfield,US,37.2153,-93.2982,89.91,56,1,8.01,clear sky
687,Santa Isabel,BR,-23.3156,-46.2214,74.91,50,100,3.65,overcast clouds
688,Gubkinskiy,RU,64.434,76.5026,65.89,52,3,7.09,clear sky
689,Urbano Santos,BR,-3.2078,-43.4036,94.93,29,21,4.18,few clouds
690,Shihezi,CN,44.3,86.0333,77.5,27,68,3.98,broken clouds
691,Colwyn Bay,GB,53.2948,-3.7267,61.75,92,100,8.99,overcast clouds
692,Ipira,BR,-12.1583,-39.7372,69.76,78,98,15.03,overcast clouds
693,Isabela,PH,6.7085,121.9711,79.41,85,100,3.56,moderate rain
694,Keti Bandar,PK,24.1447,67.4497,81.77,74,100,12.01,overcast clouds
695,Omboue,GA,-1.5746,9.2618,74.5,85,100,9.17,overcast clouds
696,Botwood,CA,49.1499,-55.3482,80.91,55,100,13.09,overcast clouds
697,Laukaa,RU,58.7372,29.8453,61.25,97,1,4.5,clear sky
698,Shelburne,CA,44.0787,-80.2041,76.6,72,42,6.98,scattered clouds
699,Panama City,PA,8.9936,-79.5197,80.55,84,75,4.61,broken clouds
700,Progreso,MX,21.2833,-89.6667,93.31,65,27,17.87,scattered clouds
701,Ginir,ET,7.1333,40.7,65.25,58,100,9.1,overcast clouds
702,Montecristo,CO,8.2971,-74.4733,91.13,58,35,2.04,scattered clouds
703,Abapo,BO,-18.8333,-63.4667,94.5,15,5,8.63,clear sky
704,Brotas,BR,-22.2842,-48.1267,75.22,37,100,4.27,overcast clouds
705,Ochakiv,UA,46.6128,31.5498,66.34,56,32,19.01,scattered clouds
706,Saint Anthony,US,45.0205,-93.218,73.0,92,90,1.01,overcast clouds
707,Orillia,CA,44.6087,-79.4207,79.3,63,32,4.43,scattered clouds
708,Reriutaba,BR,-4.1417,-40.5822,95.63,25,89,9.19,overcast clouds
709,Mubi,NG,10.2676,13.2644,71.44,91,97,4.43,overcast clouds
710,Sivas,TR,39.7916,37.0019,61.43,82,75,4.61,light rain
711,Ewo,CG,-0.8725,14.8206,79.05,67,100,4.79,light rain
712,Warsaw,PL,52.2298,21.0118,69.78,73,0,6.91,clear sky
713,Tricase,IT,39.9304,18.3553,83.32,59,0,3.22,clear sky
714,Iquique,CL,-20.2208,-70.1431,63.34,69,56,5.59,broken clouds
715,Asfi,MA,32.2994,-9.2372,71.69,77,80,17.96,broken clouds
716,Hrubieszow,PL,50.805,23.8925,63.09,81,17,4.45,few clouds
717,Kampene,CD,-3.6,26.6667,73.74,73,79,2.51,broken clouds
718,Sechura,PE,-5.5569,-80.8222,76.48,55,6,15.99,clear sky
719,Svetlyy,RU,54.675,20.1347,59.05,77,95,2.66,overcast clouds
720,Sinnamary,GF,5.3833,-52.95,79.12,86,100,6.35,overcast clouds
721,Cozmesti,RO,46.8833,27.9833,68.81,58,0,1.63,light rain
722,Shadrinsk,RU,56.0852,63.6335,61.2,65,86,8.93,overcast clouds
723,Uyuni,BO,-20.4597,-66.825,53.73,9,72,11.5,broken clouds
724,Kayerkan,RU,69.3497,87.7602,54.48,60,25,4.59,scattered clouds
725,Marsh Harbour,BS,26.5412,-77.0636,84.15,71,1,10.74,clear sky
726,Oistins,BB,13.0667,-59.5333,83.39,65,6,11.18,clear sky
727,Muyezerskiy,RU,63.9333,31.65,57.0,62,88,12.17,overcast clouds
728,Doka,SD,13.5167,35.7667,78.4,73,100,5.55,overcast clouds
729,Talnakh,RU,69.4865,88.3972,56.97,57,13,4.03,few clouds
730,Naujamiestis,LT,55.6869,24.1523,61.75,95,67,9.46,broken clouds
731,Coari,BR,-4.085,-63.1414,86.72,52,86,2.42,overcast clouds
732,Aplahoue,BJ,6.9333,1.6833,75.56,87,100,3.8,light rain
733,Okitipupa,NG,6.5047,4.7839,74.75,91,100,3.89,light rain
734,Hornepayne,CA,49.2138,-84.7705,69.49,36,10,7.02,clear sky
735,Sao Jose Da Coroa Grande,BR,-8.8978,-35.1478,75.27,75,62,15.59,broken clouds
736,Ylojarvi,FI,61.5563,23.5961,58.91,94,90,14.97,moderate rain
737,Merrill,US,45.1805,-89.6835,69.57,97,90,9.22,overcast clouds
738,Dhankuta,NP,26.9833,87.3333,69.8,92,100,1.68,light rain
739,Trelew,AR,-43.249,-65.3051,55.62,25,0,33.38,clear sky
740,Moose Factory,CA,51.2585,-80.6094,64.31,54,21,8.34,few clouds
741,Severnoye,RU,56.3491,78.3619,60.91,90,99,4.63,overcast clouds
742,Traiguen,CL,-38.25,-72.6833,51.04,59,11,10.78,few clouds
743,Alcacer Do Sal,PT,38.3733,-8.5144,68.52,41,0,14.36,clear sky
744,Mookane,BW,-23.688,26.6595,69.17,17,4,1.63,clear sky
745,Chalus,IR,36.655,51.4204,86.97,61,0,2.57,clear sky
746,Eyl,SO,7.9803,49.8164,76.33,81,35,24.11,scattered clouds
747,Dapaong,TG,10.8639,0.205,79.61,70,89,7.09,overcast clouds
748,Vredendal,ZA,-31.6683,18.5012,59.68,47,100,5.12,overcast clouds
749,Piterka,RU,50.6803,47.4454,77.13,28,92,9.1,overcast clouds
750,Manoel Urbano,BR,-8.8389,-69.2597,98.6,22,0,1.21,clear sky
751,Polovinnoye,RU,54.7914,65.9864,59.56,72,78,7.29,broken clouds
752,Nemencine,LT,54.85,25.4833,61.34,96,19,6.67,few clouds
753,Angola,AO,-12.5,18.5,59.11,18,6,3.44,clear sky
754,Neustadt,DE,49.7117,12.0872,61.16,95,90,3.44,light rain
755,Cantagalo,BR,-21.9811,-42.3681,65.75,67,100,5.08,overcast clouds
756,Apac,UG,1.9756,32.5386,72.37,62,98,4.97,overcast clouds
757,Cerrito,CO,6.8432,-72.694,60.19,72,86,1.79,overcast clouds
758,Blankenberge,BE,51.3131,3.1323,63.25,73,94,4.0,overcast clouds
759,Cahir,IE,52.3769,-7.9217,62.06,86,100,15.03,overcast clouds
760,Caranavi,BO,-15.8167,-67.55,80.49,31,0,4.41,clear sky
761,Cap-Aux-Meules,CA,47.3821,-61.8597,66.94,87,100,15.59,overcast clouds
762,Verkhnyaya Salda,RU,58.0456,60.5533,51.75,79,18,6.2,few clouds
763,Oktyabrskoye,RU,43.0645,44.7417,75.34,88,100,6.71,light rain
764,Puerto Carreno,CO,6.189,-67.4859,84.87,59,53,4.79,broken clouds
765,Candelaria,PH,13.9311,121.4233,75.38,89,100,3.22,overcast clouds
766,Montepuez,MZ,-13.1256,38.9997,69.33,57,45,8.72,scattered clouds
767,Isiolo,KE,0.3546,37.5822,73.74,55,84,12.08,broken clouds
768,Salima,MW,-13.7804,34.4587,70.27,45,0,1.66,clear sky
769,Sari,IR,36.5633,53.0601,82.6,50,0,2.48,clear sky
770,Denia,ES,38.8408,0.1057,87.75,64,21,4.0,few clouds
771,Tubmanburg,LR,6.8708,-10.8172,76.89,77,38,6.2,scattered clouds
772,Veraval,IN,20.9,70.3667,81.7,80,69,10.13,broken clouds
773,Mococa,BR,-21.4678,-47.0047,77.38,32,100,5.64,overcast clouds
774,Nijar,ES,36.9665,-2.206,87.87,57,0,9.22,clear sky
775,Lages,BR,-27.8161,-50.3261,59.45,81,82,6.02,broken clouds
776,West Bay,KY,19.3667,-81.4167,89.67,66,20,0.0,few clouds
777,Moffat,GB,55.3323,-3.4454,62.62,94,96,2.89,moderate rain
778,Santarem,BR,-2.4431,-54.7083,89.73,62,20,9.22,few clouds
779,Linhares,BR,-19.3911,-40.0722,72.12,59,100,10.09,overcast clouds
780,Gbarnga,LR,6.9956,-9.4722,76.48,69,86,2.51,overcast clouds
781,Uzyn,UA,49.8262,30.4149,66.16,79,0,6.17,clear sky
782,Villa Rica,US,33.7321,-84.9191,90.43,68,89,3.74,light rain
783,Matoury,GF,4.8483,-52.3317,85.01,89,75,9.22,mist
